Date,count
Thu Oct 31 2024 16:26:40,0
Thu Oct 31 2024 16:26:40,1
Thu Oct 31 2024 16:28:28,2
Thu Oct 31 2024 17:20:38,3
Thu Oct 31 2024 17:20:38,4
Thu Oct 31 2024 17:20:40,5
Thu Oct 31 2024 17:20:44,6
Thu Oct 31 2024 17:20:45,7
Thu Oct 31 2024 17:20:47,8
Thu Oct 31 2024 17:20:48,9
Thu Oct 31 2024 17:20:48,10
Thu Oct 31 2024 17:20:48,11
Thu Oct 31 2024 17:20:49,12
Thu Oct 31 2024 17:20:49,13
Thu Oct 31 2024 17:20:49,14
Thu Oct 31 2024 17:20:49,15
Thu Oct 31 2024 17:20:50,16
Thu Oct 31 2024 17:20:52,17
Thu Oct 31 2024 17:20:52,18
Thu Oct 31 2024 17:20:53,19
Thu Oct 31 2024 17:20:53,20
Thu Oct 31 2024 17:20:54,21
Thu Oct 31 2024 17:20:59,22
Thu Oct 31 2024 17:21:00,23
Thu Oct 31 2024 17:21:00,24
Thu Oct 31 2024 17:21:00,25
Thu Oct 31 2024 17:21:01,26
Thu Oct 31 2024 17:21:02,27
Thu Oct 31 2024 17:21:02,28
Thu Oct 31 2024 17:21:03,29
Thu Oct 31 2024 17:21:06,30
Thu Oct 31 2024 17:21:07,31
Thu Oct 31 2024 17:21:08,32
Thu Oct 31 2024 17:21:08,33
Thu Oct 31 2024 17:21:09,34
Thu Oct 31 2024 17:21:09,35
Thu Oct 31 2024 17:21:09,36
Thu Oct 31 2024 17:21:10,37
Thu Oct 31 2024 17:21:10,38
Thu Oct 31 2024 17:21:11,39
Thu Oct 31 2024 17:21:12,40
Thu Oct 31 2024 17:21:12,41
Thu Oct 31 2024 17:21:13,42
Thu Oct 31 2024 17:21:13,43
Thu Oct 31 2024 17:21:14,44
Thu Oct 31 2024 17:21:39,45
Thu Oct 31 2024 17:22:41,46
Thu Oct 31 2024 17:22:42,47
Thu Oct 31 2024 17:22:42,48
Thu Oct 31 2024 17:22:47,49
Thu Oct 31 2024 17:22:49,50
Thu Oct 31 2024 17:22:51,51
Thu Oct 31 2024 17:22:52,52
Thu Oct 31 2024 17:22:52,53
Thu Oct 31 2024 17:22:53,54
Thu Oct 31 2024 17:22:56,55
Thu Oct 31 2024 17:22:58,56
Thu Oct 31 2024 17:23:01,57
Thu Oct 31 2024 17:23:02,58
Thu Oct 31 2024 17:23:03,59
Thu Oct 31 2024 17:23:03,60
Thu Oct 31 2024 17:23:04,61
Thu Oct 31 2024 17:23:05,62
Thu Oct 31 2024 17:23:07,63
Thu Oct 31 2024 17:23:13,64
Thu Oct 31 2024 17:23:14,65
Thu Oct 31 2024 17:23:16,66
Thu Oct 31 2024 17:23:19,67
Thu Oct 31 2024 17:23:20,68
Thu Oct 31 2024 17:23:21,69
Thu Oct 31 2024 17:23:22,70
Thu Oct 31 2024 17:23:22,71
Thu Oct 31 2024 17:23:22,72
Thu Oct 31 2024 17:23:23,73
Thu Oct 31 2024 17:23:23,74
Thu Oct 31 2024 17:23:23,75
Thu Oct 31 2024 17:23:24,76
Thu Oct 31 2024 17:23:24,77
Thu Oct 31 2024 17:24:17,78
Thu Oct 31 2024 17:24:23,79
Thu Oct 31 2024 17:24:24,80
Thu Oct 31 2024 17:24:24,81
Thu Oct 31 2024 17:24:25,82
Thu Oct 31 2024 17:24:25,83
Thu Oct 31 2024 17:24:25,84
Thu Oct 31 2024 17:24:26,85
Thu Oct 31 2024 17:24:26,86
Thu Oct 31 2024 17:24:26,87
Thu Oct 31 2024 17:24:30,88
Thu Oct 31 2024 17:24:30,89
Thu Oct 31 2024 17:24:30,90
Thu Oct 31 2024 17:24:30,91
Thu Oct 31 2024 17:24:31,92
Thu Oct 31 2024 17:24:39,93
Thu Oct 31 2024 17:24:40,94
Thu Oct 31 2024 17:24:41,95
Thu Oct 31 2024 17:24:42,96
Thu Oct 31 2024 17:24:50,97
Thu Oct 31 2024 17:24:52,98
Thu Oct 31 2024 17:24:54,99
Thu Oct 31 2024 17:24:56,100
Thu Oct 31 2024 17:24:58,101
Thu Oct 31 2024 17:25:00,102
Thu Oct 31 2024 17:25:02,103
Thu Oct 31 2024 17:25:04,104
Thu Oct 31 2024 17:25:06,105
Thu Oct 31 2024 17:25:10,106
Thu Oct 31 2024 17:25:15,107
Thu Oct 31 2024 17:25:20,108
Thu Oct 31 2024 17:25:26,109
Thu Oct 31 2024 17:25:34,110
Thu Oct 31 2024 17:25:38,111
Thu Oct 31 2024 17:25:40,112
Thu Oct 31 2024 17:25:42,113
Thu Oct 31 2024 17:25:44,114
Thu Oct 31 2024 17:25:48,115
Thu Oct 31 2024 17:25:52,116
Thu Oct 31 2024 17:25:56,117
Thu Oct 31 2024 17:26:00,118
Thu Oct 31 2024 17:26:04,119
Thu Oct 31 2024 17:26:22,120
Thu Oct 31 2024 17:26:31,121
Thu Oct 31 2024 17:26:35,122
Thu Oct 31 2024 17:26:39,123
Thu Oct 31 2024 17:26:43,124
Thu Oct 31 2024 17:26:46,125
Thu Oct 31 2024 17:26:51,126
Thu Oct 31 2024 17:26:54,127
Thu Oct 31 2024 17:26:59,128
Thu Oct 31 2024 17:27:03,129
Thu Oct 31 2024 17:27:05,130
Thu Oct 31 2024 17:27:15,131
Thu Oct 31 2024 17:27:16,132
Thu Oct 31 2024 17:27:17,133
Thu Oct 31 2024 17:27:19,134
Thu Oct 31 2024 17:27:35,135
Thu Oct 31 2024 17:27:39,136
Thu Oct 31 2024 17:27:43,137
Thu Oct 31 2024 17:27:47,138
Thu Oct 31 2024 17:27:50,139
Thu Oct 31 2024 17:27:55,140
Thu Oct 31 2024 17:27:58,141
Thu Oct 31 2024 17:28:03,142
Thu Oct 31 2024 17:28:07,143
Thu Oct 31 2024 17:28:11,144
Thu Oct 31 2024 17:28:53,145
Thu Oct 31 2024 17:28:59,146
Thu Oct 31 2024 17:29:01,147
Thu Oct 31 2024 17:29:04,148
Thu Oct 31 2024 17:29:06,149
Thu Oct 31 2024 17:29:07,150
Thu Oct 31 2024 17:29:08,151
Thu Oct 31 2024 17:29:08,152
Thu Oct 31 2024 17:29:09,153
Thu Oct 31 2024 17:29:09,154
Thu Oct 31 2024 17:29:10,155
Thu Oct 31 2024 17:29:10,156
Thu Oct 31 2024 17:29:10,157
Thu Oct 31 2024 17:29:11,158
Thu Oct 31 2024 17:29:11,159
Thu Oct 31 2024 17:29:12,160
Thu Oct 31 2024 17:29:13,161
Thu Oct 31 2024 17:29:14,162
Thu Oct 31 2024 17:29:23,163
Thu Oct 31 2024 17:29:28,164
Thu Oct 31 2024 17:29:30,165
Thu Oct 31 2024 17:29:31,166
Thu Oct 31 2024 17:29:33,167
Thu Oct 31 2024 17:29:35,168
Thu Oct 31 2024 17:29:35,169
Thu Oct 31 2024 17:29:36,170
Thu Oct 31 2024 17:29:36,171
Thu Oct 31 2024 17:29:36,172
Thu Oct 31 2024 17:29:36,173
Thu Oct 31 2024 17:29:36,174
Thu Oct 31 2024 17:29:37,175
Thu Oct 31 2024 17:29:37,176
Thu Oct 31 2024 17:29:37,177
Thu Oct 31 2024 17:29:37,178
Thu Oct 31 2024 17:29:39,179
Thu Oct 31 2024 17:29:40,180
Thu Oct 31 2024 17:29:40,181
Thu Oct 31 2024 17:29:41,182
Thu Oct 31 2024 17:29:45,183
Thu Oct 31 2024 17:29:46,184
Thu Oct 31 2024 17:29:46,185
Thu Oct 31 2024 17:29:46,186
Thu Oct 31 2024 17:29:47,187
Thu Oct 31 2024 17:29:47,188
Thu Oct 31 2024 17:29:47,189
Thu Oct 31 2024 17:29:48,190
Thu Oct 31 2024 17:29:48,191
Thu Oct 31 2024 17:29:48,192
Thu Oct 31 2024 17:29:48,193
Thu Oct 31 2024 17:29:49,194
Thu Oct 31 2024 17:29:53,195
Thu Oct 31 2024 17:29:54,196
Thu Oct 31 2024 17:29:54,197
Thu Oct 31 2024 17:29:54,198
Thu Oct 31 2024 17:29:54,199
Thu Oct 31 2024 17:29:54,200
Thu Oct 31 2024 17:29:55,201
Thu Oct 31 2024 17:29:55,202
Thu Oct 31 2024 17:29:55,203
Thu Oct 31 2024 17:29:55,204
Thu Oct 31 2024 17:29:56,205
Thu Oct 31 2024 17:29:56,206
Thu Oct 31 2024 17:29:57,207
Thu Oct 31 2024 17:38:08,208
Thu Oct 31 2024 17:38:15,209
Thu Oct 31 2024 17:38:17,210
Thu Oct 31 2024 17:38:19,211
Thu Oct 31 2024 17:38:21,212
Thu Oct 31 2024 17:38:23,213
Thu Oct 31 2024 17:38:25,214
Thu Oct 31 2024 17:38:27,215
Thu Oct 31 2024 17:38:29,216
Thu Oct 31 2024 17:38:29,217
Thu Oct 31 2024 17:38:29,218
Thu Oct 31 2024 17:38:29,219
Thu Oct 31 2024 17:38:30,220
Thu Oct 31 2024 17:38:30,221
Thu Oct 31 2024 17:38:30,222
Thu Oct 31 2024 17:38:30,223
Thu Oct 31 2024 17:38:31,224
Thu Oct 31 2024 17:40:37,225
Thu Oct 31 2024 17:40:45,226
Thu Oct 31 2024 17:40:50,227
Thu Oct 31 2024 17:40:53,228
Thu Oct 31 2024 17:41:06,229
Thu Oct 31 2024 17:41:10,230
Thu Oct 31 2024 17:41:14,231
Thu Oct 31 2024 17:41:14,232
Thu Oct 31 2024 17:41:14,233
Thu Oct 31 2024 17:41:16,234
Thu Oct 31 2024 17:41:20,235
Thu Oct 31 2024 17:41:37,236
Thu Oct 31 2024 17:41:38,237
Thu Oct 31 2024 17:41:42,238
Thu Oct 31 2024 17:41:44,239
Thu Oct 31 2024 17:41:46,240
Thu Oct 31 2024 17:41:48,241
Thu Oct 31 2024 17:41:50,242
Thu Oct 31 2024 17:41:52,243
Thu Oct 31 2024 17:41:54,244
Thu Oct 31 2024 17:41:58,245
Thu Oct 31 2024 17:42:06,246
Thu Oct 31 2024 17:42:10,247
Thu Oct 31 2024 17:42:51,248
Thu Oct 31 2024 17:42:52,249
Thu Oct 31 2024 17:42:55,250
Thu Oct 31 2024 17:42:56,251
Thu Oct 31 2024 17:42:56,252
Thu Oct 31 2024 17:42:57,253
Thu Oct 31 2024 17:43:00,254
Thu Oct 31 2024 17:43:02,255
Thu Oct 31 2024 17:43:04,256
Thu Oct 31 2024 17:43:10,257
Thu Oct 31 2024 17:43:12,258
Thu Oct 31 2024 17:43:14,259
Thu Oct 31 2024 17:43:16,260
Thu Oct 31 2024 17:43:18,261
Thu Oct 31 2024 17:43:18,262
Thu Oct 31 2024 17:43:18,263
Thu Oct 31 2024 17:43:19,264
Thu Oct 31 2024 17:43:19,265
Thu Oct 31 2024 17:43:22,266
Thu Oct 31 2024 17:43:22,267
Thu Oct 31 2024 17:43:23,268
Thu Oct 31 2024 17:43:24,269
Thu Oct 31 2024 17:43:24,270
Thu Oct 31 2024 17:43:25,271
Thu Oct 31 2024 17:43:26,272
Thu Oct 31 2024 17:43:27,273
Thu Oct 31 2024 17:43:27,274
Thu Oct 31 2024 17:43:28,275
Thu Oct 31 2024 17:43:29,276
Thu Oct 31 2024 17:43:30,277
Thu Oct 31 2024 17:43:30,278
Thu Oct 31 2024 17:43:31,279
Thu Oct 31 2024 17:43:32,280
Thu Oct 31 2024 17:43:33,281
Thu Oct 31 2024 17:43:34,282
Thu Oct 31 2024 17:43:38,283
Thu Oct 31 2024 17:43:40,284
Thu Oct 31 2024 17:43:44,285
Thu Oct 31 2024 17:43:45,286
Thu Oct 31 2024 17:43:45,287
Thu Oct 31 2024 17:43:46,288
Thu Oct 31 2024 17:43:49,289
Thu Oct 31 2024 17:43:53,290
Thu Oct 31 2024 17:43:58,291
Thu Oct 31 2024 17:44:01,292
Thu Oct 31 2024 17:44:02,293
Thu Oct 31 2024 17:44:03,294
Thu Oct 31 2024 17:44:04,295
Thu Oct 31 2024 17:44:06,296
Thu Oct 31 2024 17:44:07,297
Thu Oct 31 2024 17:44:12,298
Thu Oct 31 2024 17:44:13,299
Thu Oct 31 2024 17:44:15,300
Thu Oct 31 2024 17:44:23,301
Thu Oct 31 2024 17:44:25,302
Thu Oct 31 2024 17:44:27,303
Thu Oct 31 2024 17:44:29,304
Thu Oct 31 2024 17:44:31,305
Thu Oct 31 2024 17:44:33,306
Thu Oct 31 2024 17:44:35,307
Thu Oct 31 2024 17:44:37,308
Thu Oct 31 2024 17:44:39,309
Thu Oct 31 2024 17:44:41,310
Thu Oct 31 2024 17:44:56,311
Thu Oct 31 2024 17:45:03,312
Thu Oct 31 2024 17:45:05,313
Thu Oct 31 2024 17:45:07,314
Thu Oct 31 2024 17:45:09,315
Thu Oct 31 2024 17:45:11,316
Thu Oct 31 2024 17:45:13,317
Thu Oct 31 2024 17:45:15,318
Thu Oct 31 2024 17:45:17,319
Thu Oct 31 2024 17:45:19,320
Thu Oct 31 2024 17:45:21,321
Thu Oct 31 2024 17:45:33,322
Thu Oct 31 2024 17:45:34,323
Thu Oct 31 2024 17:45:41,324
Thu Oct 31 2024 17:45:43,325
Thu Oct 31 2024 17:45:45,326
Thu Oct 31 2024 17:45:47,327
Thu Oct 31 2024 17:45:49,328
Thu Oct 31 2024 17:45:51,329
Thu Oct 31 2024 17:45:53,330
Thu Oct 31 2024 17:45:55,331
Thu Oct 31 2024 17:45:57,332
Thu Oct 31 2024 17:45:59,333
Thu Oct 31 2024 17:46:19,334
Thu Oct 31 2024 17:46:25,335
Thu Oct 31 2024 17:46:27,336
Thu Oct 31 2024 17:46:29,337
Thu Oct 31 2024 17:46:31,338
Thu Oct 31 2024 17:46:33,339
Thu Oct 31 2024 17:46:35,340
Thu Oct 31 2024 17:46:37,341
Thu Oct 31 2024 17:46:41,342
Thu Oct 31 2024 17:46:47,343
Thu Oct 31 2024 17:46:51,344
Thu Oct 31 2024 17:47:04,345
Thu Oct 31 2024 17:47:15,346
Thu Oct 31 2024 17:47:18,347
Thu Oct 31 2024 17:47:19,348
Thu Oct 31 2024 17:47:21,349
Thu Oct 31 2024 17:47:23,350
Thu Oct 31 2024 17:47:25,351
Thu Oct 31 2024 17:47:27,352
Thu Oct 31 2024 17:47:29,353
Thu Oct 31 2024 17:47:31,354
Thu Oct 31 2024 17:47:34,355
Thu Oct 31 2024 17:47:35,356
Thu Oct 31 2024 17:48:20,357
Thu Oct 31 2024 17:48:27,358
Thu Oct 31 2024 17:48:29,359
Thu Oct 31 2024 17:48:32,360
Thu Oct 31 2024 17:48:33,361
Thu Oct 31 2024 17:48:33,362
Thu Oct 31 2024 17:48:34,363
Thu Oct 31 2024 17:48:34,364
Thu Oct 31 2024 17:48:34,365
Thu Oct 31 2024 17:48:36,366
Thu Oct 31 2024 17:48:37,367
Thu Oct 31 2024 17:48:48,368
Thu Oct 31 2024 17:48:48,369
Thu Oct 31 2024 17:48:49,370
Thu Oct 31 2024 17:48:49,371
Thu Oct 31 2024 17:48:49,372
Thu Oct 31 2024 17:48:50,373
Thu Oct 31 2024 17:48:50,374
Thu Oct 31 2024 17:48:51,375
Thu Oct 31 2024 17:48:53,376
Thu Oct 31 2024 17:48:54,377
Thu Oct 31 2024 17:48:57,378
Thu Oct 31 2024 17:49:00,379
Thu Oct 31 2024 17:49:04,380
Thu Oct 31 2024 17:49:13,381
Thu Oct 31 2024 17:49:14,382
Thu Oct 31 2024 17:49:14,383
Thu Oct 31 2024 17:49:15,384
Thu Oct 31 2024 17:49:16,385
Thu Oct 31 2024 17:49:17,386
Thu Oct 31 2024 17:49:18,387
Thu Oct 31 2024 17:49:18,388
Thu Oct 31 2024 17:49:19,389
Thu Oct 31 2024 17:49:19,390
Thu Oct 31 2024 17:49:19,391
Thu Oct 31 2024 17:49:20,392
Thu Oct 31 2024 17:49:20,393
Thu Oct 31 2024 17:49:20,394
Thu Oct 31 2024 17:49:21,395
Thu Oct 31 2024 17:49:22,396
Thu Oct 31 2024 17:49:22,397
Thu Oct 31 2024 17:49:23,398
Thu Oct 31 2024 17:49:23,399
Thu Oct 31 2024 17:49:30,400
Thu Oct 31 2024 17:49:40,401
Thu Oct 31 2024 17:49:42,402
Thu Oct 31 2024 17:49:44,403
Thu Oct 31 2024 17:49:46,404
Thu Oct 31 2024 17:49:47,405
Thu Oct 31 2024 17:49:49,406
Thu Oct 31 2024 17:49:52,407
Thu Oct 31 2024 17:49:54,408
Thu Oct 31 2024 17:49:56,409
Thu Oct 31 2024 17:50:02,410
Thu Oct 31 2024 17:50:12,411
Thu Oct 31 2024 17:50:12,412
Thu Oct 31 2024 17:50:13,413
Thu Oct 31 2024 17:50:41,414
Thu Oct 31 2024 17:50:48,415
Thu Oct 31 2024 17:50:50,416
Thu Oct 31 2024 17:50:52,417
Thu Oct 31 2024 17:50:54,418
Thu Oct 31 2024 17:50:56,419
Thu Oct 31 2024 17:50:58,420
Thu Oct 31 2024 17:51:00,421
Thu Oct 31 2024 17:51:02,422
Thu Oct 31 2024 17:51:04,423
Thu Oct 31 2024 17:51:06,424
Thu Oct 31 2024 17:51:44,425
Thu Oct 31 2024 17:51:50,426
Thu Oct 31 2024 17:51:52,427
Thu Oct 31 2024 17:51:54,428
Thu Oct 31 2024 17:51:56,429
Thu Oct 31 2024 17:51:58,430
Thu Oct 31 2024 17:52:00,431
Thu Oct 31 2024 17:52:02,432
Thu Oct 31 2024 17:52:04,433
Thu Oct 31 2024 17:52:06,434
Thu Oct 31 2024 17:52:08,435
Thu Oct 31 2024 17:52:14,436
Thu Oct 31 2024 17:52:16,437
Thu Oct 31 2024 17:52:16,438
Thu Oct 31 2024 17:52:16,439
Thu Oct 31 2024 17:53:24,440
Thu Oct 31 2024 17:53:31,441
Thu Oct 31 2024 17:53:33,442
Thu Oct 31 2024 17:53:35,443
Thu Oct 31 2024 17:53:37,444
Thu Oct 31 2024 17:53:39,445
Thu Oct 31 2024 17:53:41,446
Thu Oct 31 2024 17:53:43,447
Thu Oct 31 2024 17:53:44,448
Thu Oct 31 2024 17:53:47,449
Thu Oct 31 2024 17:53:49,450
Thu Oct 31 2024 17:54:02,451
Thu Oct 31 2024 17:54:15,452
Thu Oct 31 2024 17:54:17,453
Thu Oct 31 2024 17:54:18,454
Thu Oct 31 2024 17:54:20,455
Thu Oct 31 2024 17:54:20,456
Thu Oct 31 2024 17:54:20,457
Thu Oct 31 2024 17:54:21,458
Thu Oct 31 2024 17:54:21,459
Thu Oct 31 2024 17:54:21,460
Thu Oct 31 2024 17:54:22,461
Thu Oct 31 2024 17:54:22,462
Thu Oct 31 2024 17:54:23,463
Thu Oct 31 2024 17:54:23,464
Thu Oct 31 2024 17:54:23,465
Thu Oct 31 2024 17:54:24,466
Thu Oct 31 2024 17:54:24,467
Thu Oct 31 2024 17:54:24,468
Thu Oct 31 2024 17:54:25,469
Thu Oct 31 2024 17:54:25,470
Thu Oct 31 2024 17:55:10,471
Thu Oct 31 2024 17:55:10,472
Thu Oct 31 2024 17:55:10,473
Thu Oct 31 2024 17:55:10,474
Thu Oct 31 2024 17:55:10,475
Thu Oct 31 2024 17:55:10,476
Thu Oct 31 2024 17:55:11,477
Thu Oct 31 2024 17:55:11,478
Thu Oct 31 2024 17:55:11,479
Thu Oct 31 2024 17:55:16,480
Thu Oct 31 2024 17:55:17,481
Thu Oct 31 2024 17:55:19,482
Thu Oct 31 2024 17:55:21,483
Thu Oct 31 2024 17:55:23,484
Thu Oct 31 2024 17:55:25,485
Thu Oct 31 2024 17:55:27,486
Thu Oct 31 2024 17:55:29,487
Thu Oct 31 2024 17:55:31,488
Thu Oct 31 2024 17:55:33,489
Thu Oct 31 2024 17:55:44,490
Thu Oct 31 2024 17:55:48,491
Thu Oct 31 2024 17:55:52,492
Thu Oct 31 2024 17:55:53,493
Thu Oct 31 2024 17:55:55,494
Thu Oct 31 2024 17:55:56,495
Thu Oct 31 2024 17:55:56,496
Thu Oct 31 2024 17:55:57,497
Thu Oct 31 2024 17:55:57,498
Thu Oct 31 2024 17:55:58,499
Thu Oct 31 2024 17:55:58,500
Thu Oct 31 2024 17:55:58,501
Thu Oct 31 2024 17:55:59,502
Thu Oct 31 2024 17:55:59,503
Thu Oct 31 2024 17:55:59,504
Thu Oct 31 2024 17:55:59,505
Thu Oct 31 2024 17:56:04,506
Thu Oct 31 2024 17:56:09,507
Thu Oct 31 2024 17:56:10,508
Thu Oct 31 2024 17:56:14,509
Thu Oct 31 2024 17:56:20,510
Thu Oct 31 2024 17:56:21,511
Thu Oct 31 2024 17:56:22,512
Thu Oct 31 2024 17:56:22,513
Thu Oct 31 2024 17:56:22,514
Thu Oct 31 2024 17:56:22,515
Thu Oct 31 2024 17:56:22,516
Thu Oct 31 2024 17:56:22,517
Thu Oct 31 2024 17:56:23,518
Thu Oct 31 2024 17:56:23,519
Thu Oct 31 2024 17:56:23,520
Thu Oct 31 2024 17:56:23,521
Thu Oct 31 2024 17:56:23,522
Thu Oct 31 2024 17:56:23,523
Thu Oct 31 2024 17:56:23,524
Thu Oct 31 2024 17:56:24,525
Thu Oct 31 2024 17:56:24,526
Thu Oct 31 2024 17:56:24,527
Thu Oct 31 2024 17:56:29,528
Thu Oct 31 2024 17:56:34,529
Thu Oct 31 2024 17:56:36,530
Thu Oct 31 2024 17:56:44,531
Thu Oct 31 2024 17:56:46,532
Thu Oct 31 2024 17:56:48,533
Thu Oct 31 2024 17:56:51,534
Thu Oct 31 2024 17:56:54,535
Thu Oct 31 2024 17:56:56,536
Thu Oct 31 2024 17:56:58,537
Thu Oct 31 2024 17:57:02,538
Thu Oct 31 2024 17:57:05,539
Thu Oct 31 2024 17:57:10,540
Thu Oct 31 2024 17:58:03,541
Thu Oct 31 2024 17:58:10,542
Thu Oct 31 2024 17:58:12,543
Thu Oct 31 2024 17:58:14,544
Thu Oct 31 2024 17:58:16,545
Thu Oct 31 2024 17:58:18,546
Thu Oct 31 2024 17:58:20,547
Thu Oct 31 2024 17:58:22,548
Thu Oct 31 2024 17:58:24,549
Thu Oct 31 2024 17:58:26,550
Thu Oct 31 2024 17:58:28,551
Thu Oct 31 2024 17:58:31,552
Thu Oct 31 2024 17:59:02,553
Thu Oct 31 2024 17:59:10,554
Thu Oct 31 2024 17:59:12,555
Thu Oct 31 2024 17:59:14,556
Thu Oct 31 2024 17:59:16,557
Thu Oct 31 2024 17:59:18,558
Thu Oct 31 2024 17:59:20,559
Thu Oct 31 2024 17:59:22,560
Thu Oct 31 2024 17:59:24,561
Thu Oct 31 2024 17:59:26,562
Thu Oct 31 2024 17:59:28,563
Thu Oct 31 2024 18:03:25,564
Thu Oct 31 2024 18:03:35,565
Thu Oct 31 2024 18:03:39,566
Thu Oct 31 2024 18:03:43,567
Thu Oct 31 2024 18:03:46,568
Thu Oct 31 2024 18:03:49,569
Thu Oct 31 2024 18:03:55,570
Thu Oct 31 2024 18:03:59,571
Thu Oct 31 2024 18:04:03,572
Thu Oct 31 2024 18:04:07,573
Thu Oct 31 2024 18:04:12,574
Thu Oct 31 2024 18:04:16,575
Thu Oct 31 2024 18:04:21,576
Thu Oct 31 2024 18:04:22,577
Thu Oct 31 2024 18:04:24,578
Thu Oct 31 2024 18:04:30,579
Thu Oct 31 2024 18:04:31,580
Thu Oct 31 2024 18:04:32,581
Thu Oct 31 2024 18:04:34,582
Thu Oct 31 2024 18:04:35,583
Thu Oct 31 2024 18:04:35,584
Thu Oct 31 2024 18:04:35,585
Thu Oct 31 2024 18:04:36,586
Thu Oct 31 2024 18:04:36,587
Thu Oct 31 2024 18:04:37,588
Thu Oct 31 2024 18:04:38,589
Thu Oct 31 2024 18:04:38,590
Thu Oct 31 2024 18:04:38,591
Thu Oct 31 2024 18:04:38,592
Thu Oct 31 2024 18:04:38,593
Thu Oct 31 2024 18:04:39,594
Thu Oct 31 2024 18:04:39,595
Thu Oct 31 2024 18:04:39,596
Thu Oct 31 2024 18:04:39,597
Thu Oct 31 2024 18:04:39,598
Thu Oct 31 2024 18:04:40,599
Thu Oct 31 2024 18:04:40,600
Thu Oct 31 2024 18:04:40,601
Thu Oct 31 2024 18:05:57,602
Thu Oct 31 2024 18:06:00,603
Thu Oct 31 2024 18:06:02,604
Thu Oct 31 2024 18:06:04,605
Thu Oct 31 2024 18:06:06,606
Thu Oct 31 2024 18:06:08,607
Thu Oct 31 2024 18:06:10,608
Thu Oct 31 2024 18:06:12,609
Thu Oct 31 2024 18:06:13,610
Thu Oct 31 2024 18:06:14,611
Thu Oct 31 2024 18:06:14,612
Thu Oct 31 2024 18:06:14,613
Thu Oct 31 2024 18:06:14,614
Thu Oct 31 2024 18:06:15,615
Thu Oct 31 2024 18:06:15,616
Thu Oct 31 2024 18:06:15,617
Thu Oct 31 2024 18:06:15,618
Thu Oct 31 2024 18:06:15,619
Thu Oct 31 2024 18:06:16,620
Thu Oct 31 2024 18:06:16,621
Thu Oct 31 2024 18:07:09,622
Thu Oct 31 2024 18:07:20,623
Thu Oct 31 2024 18:07:23,624
Thu Oct 31 2024 18:07:25,625
Thu Oct 31 2024 18:07:27,626
Thu Oct 31 2024 18:07:28,627
Thu Oct 31 2024 18:07:28,628
Thu Oct 31 2024 18:07:28,629
Thu Oct 31 2024 18:07:29,630
Thu Oct 31 2024 18:07:29,631
Thu Oct 31 2024 18:07:31,632
Thu Oct 31 2024 18:07:40,633
Thu Oct 31 2024 18:07:42,634
Thu Oct 31 2024 18:07:44,635
Thu Oct 31 2024 18:07:50,636
Thu Oct 31 2024 18:07:52,637
Thu Oct 31 2024 18:07:56,638
Thu Oct 31 2024 18:08:00,639
Thu Oct 31 2024 18:08:04,640
Thu Oct 31 2024 18:08:06,641
Thu Oct 31 2024 18:08:08,642
Thu Oct 31 2024 18:08:12,643
Thu Oct 31 2024 18:08:16,644
Thu Oct 31 2024 18:08:20,645
Thu Oct 31 2024 18:08:43,646
Thu Oct 31 2024 18:08:48,647
Thu Oct 31 2024 18:08:49,648
Thu Oct 31 2024 18:08:52,649
Thu Oct 31 2024 18:08:56,650
Thu Oct 31 2024 18:09:00,651
Thu Oct 31 2024 18:09:04,652
Thu Oct 31 2024 18:09:08,653
Thu Oct 31 2024 18:09:12,654
Thu Oct 31 2024 18:09:17,655
Thu Oct 31 2024 18:09:21,656
Thu Oct 31 2024 18:13:06,657
Thu Oct 31 2024 18:13:14,658
Thu Oct 31 2024 18:13:16,659
Thu Oct 31 2024 18:13:18,660
Thu Oct 31 2024 18:13:20,661
Thu Oct 31 2024 18:13:24,662
Thu Oct 31 2024 18:13:25,663
Thu Oct 31 2024 18:13:27,664
Thu Oct 31 2024 18:13:30,665
Thu Oct 31 2024 18:13:32,666
Thu Oct 31 2024 18:13:34,667
Thu Oct 31 2024 18:13:36,668
Thu Oct 31 2024 18:13:38,669
Thu Oct 31 2024 18:13:39,670
Thu Oct 31 2024 18:13:39,671
Thu Oct 31 2024 18:13:40,672
Thu Oct 31 2024 18:13:48,673
Thu Oct 31 2024 18:13:52,674
Thu Oct 31 2024 18:13:54,675
Thu Oct 31 2024 18:13:56,676
Thu Oct 31 2024 18:13:58,677
Thu Oct 31 2024 18:14:00,678
Thu Oct 31 2024 18:14:02,679
Thu Oct 31 2024 18:14:04,680
Thu Oct 31 2024 18:14:06,681
Thu Oct 31 2024 18:14:08,682
Thu Oct 31 2024 18:14:09,683
Thu Oct 31 2024 18:14:11,684
Thu Oct 31 2024 18:14:14,685
Thu Oct 31 2024 18:14:23,686
Thu Oct 31 2024 18:14:26,687
Thu Oct 31 2024 18:14:32,688
Thu Oct 31 2024 18:14:32,689
Thu Oct 31 2024 18:14:32,690
Thu Oct 31 2024 18:14:32,691
Thu Oct 31 2024 18:14:33,692
Thu Oct 31 2024 18:14:33,693
Thu Oct 31 2024 18:14:33,694
Thu Oct 31 2024 18:14:33,695
Thu Oct 31 2024 18:14:33,696
Thu Oct 31 2024 18:14:34,697
Thu Oct 31 2024 18:14:34,698
Thu Oct 31 2024 18:14:34,699
Thu Oct 31 2024 18:14:35,700
Thu Oct 31 2024 18:14:35,701
Thu Oct 31 2024 18:14:35,702
Thu Oct 31 2024 18:14:36,703
Thu Oct 31 2024 18:14:36,704
Thu Oct 31 2024 18:14:36,705
Thu Oct 31 2024 18:26:00,706
Thu Oct 31 2024 18:26:12,707
Thu Oct 31 2024 18:26:15,708
Thu Oct 31 2024 18:26:15,709
Thu Oct 31 2024 18:26:15,710
Thu Oct 31 2024 18:26:15,711
Thu Oct 31 2024 18:26:15,712
Thu Oct 31 2024 18:26:16,713
Thu Oct 31 2024 18:26:16,714
Thu Oct 31 2024 18:26:16,715
Thu Oct 31 2024 18:26:16,716
Thu Oct 31 2024 18:26:16,717
Thu Oct 31 2024 18:26:17,718
Thu Oct 31 2024 18:26:17,719
Thu Oct 31 2024 18:26:17,720
Thu Oct 31 2024 18:26:18,721
Thu Oct 31 2024 18:26:18,722
Thu Oct 31 2024 18:26:21,723
Thu Oct 31 2024 18:26:29,724
Thu Oct 31 2024 18:26:35,725
Thu Oct 31 2024 18:26:37,726
Thu Oct 31 2024 18:26:39,727
Thu Oct 31 2024 18:26:40,728
Thu Oct 31 2024 18:26:43,729
Thu Oct 31 2024 18:26:44,730
Thu Oct 31 2024 18:26:47,731
Thu Oct 31 2024 18:26:49,732
Thu Oct 31 2024 18:26:50,733
Thu Oct 31 2024 18:26:52,734
Thu Oct 31 2024 18:30:50,735
Thu Oct 31 2024 18:30:56,736
Thu Oct 31 2024 18:30:58,737
Thu Oct 31 2024 18:31:00,738
Thu Oct 31 2024 18:31:02,739
Thu Oct 31 2024 18:31:04,740
Thu Oct 31 2024 18:31:06,741
Thu Oct 31 2024 18:31:08,742
Thu Oct 31 2024 18:31:10,743
Thu Oct 31 2024 18:31:12,744
Thu Oct 31 2024 18:31:14,745
Thu Oct 31 2024 18:31:16,746
Thu Oct 31 2024 18:31:19,747
Thu Oct 31 2024 18:31:24,748
Thu Oct 31 2024 18:31:29,749
Thu Oct 31 2024 18:31:33,750
Thu Oct 31 2024 18:31:34,751
Thu Oct 31 2024 18:31:35,752
Thu Oct 31 2024 18:31:36,753
Thu Oct 31 2024 18:31:36,754
Thu Oct 31 2024 18:31:37,755
Thu Oct 31 2024 18:31:38,756
Thu Oct 31 2024 18:31:38,757
Thu Oct 31 2024 18:31:39,758
Thu Oct 31 2024 18:31:39,759
Thu Oct 31 2024 18:31:40,760
Thu Oct 31 2024 18:31:40,761
Thu Oct 31 2024 18:31:40,762
Thu Oct 31 2024 18:31:41,763
Thu Oct 31 2024 18:31:41,764
Thu Oct 31 2024 18:31:41,765
Thu Oct 31 2024 18:31:41,766
Thu Oct 31 2024 18:31:42,767
Thu Oct 31 2024 18:31:42,768
Thu Oct 31 2024 18:31:42,769
Thu Oct 31 2024 18:31:43,770
Thu Oct 31 2024 18:31:46,771
Thu Oct 31 2024 18:31:58,772
Thu Oct 31 2024 18:32:02,773
Thu Oct 31 2024 18:32:04,774
Thu Oct 31 2024 18:32:06,775
Thu Oct 31 2024 18:32:08,776
Thu Oct 31 2024 18:32:10,777
Thu Oct 31 2024 18:32:12,778
Thu Oct 31 2024 18:32:14,779
Thu Oct 31 2024 18:32:16,780
Thu Oct 31 2024 18:32:17,781
Thu Oct 31 2024 18:32:18,782
Thu Oct 31 2024 18:32:18,783
Thu Oct 31 2024 18:32:19,784
Thu Oct 31 2024 18:32:19,785
Thu Oct 31 2024 18:32:20,786
Thu Oct 31 2024 18:32:20,787
Thu Oct 31 2024 18:32:28,788
Thu Oct 31 2024 18:32:31,789
Thu Oct 31 2024 18:32:35,790
Thu Oct 31 2024 18:32:36,791
Thu Oct 31 2024 18:32:36,792
Thu Oct 31 2024 18:32:37,793
Thu Oct 31 2024 18:32:38,794
Thu Oct 31 2024 18:32:39,795
Thu Oct 31 2024 18:32:39,796
Thu Oct 31 2024 18:32:40,797
Thu Oct 31 2024 18:32:40,798
Thu Oct 31 2024 18:32:41,799
Thu Oct 31 2024 18:32:41,800
Thu Oct 31 2024 18:32:42,801
Thu Oct 31 2024 18:32:42,802
Thu Oct 31 2024 18:32:42,803
Thu Oct 31 2024 18:32:43,804
Thu Oct 31 2024 18:32:44,805
Thu Oct 31 2024 18:32:44,806
Thu Oct 31 2024 18:32:45,807
Thu Oct 31 2024 18:32:45,808
Thu Oct 31 2024 18:32:53,809
Thu Oct 31 2024 18:32:53,810
Thu Oct 31 2024 18:32:53,811
Thu Oct 31 2024 18:32:54,812
Thu Oct 31 2024 18:32:54,813
Thu Oct 31 2024 18:32:54,814
Thu Oct 31 2024 18:32:54,815
Thu Oct 31 2024 18:32:55,816
Thu Oct 31 2024 18:32:56,817
Thu Oct 31 2024 18:32:56,818
Thu Oct 31 2024 18:32:56,819
Thu Oct 31 2024 18:32:56,820
Thu Oct 31 2024 18:32:57,821
Thu Oct 31 2024 18:32:57,822
Thu Oct 31 2024 18:32:57,823
Thu Oct 31 2024 18:32:58,824
Thu Oct 31 2024 18:32:58,825
Thu Oct 31 2024 18:32:58,826
Thu Oct 31 2024 18:32:58,827
Thu Oct 31 2024 18:32:59,828
Thu Oct 31 2024 18:32:59,829
Thu Oct 31 2024 18:32:59,830
Thu Oct 31 2024 18:32:59,831
Thu Oct 31 2024 18:33:00,832
Thu Oct 31 2024 18:33:00,833
Thu Oct 31 2024 18:33:00,834
Thu Oct 31 2024 18:33:01,835
Thu Oct 31 2024 18:33:01,836
Thu Oct 31 2024 18:33:01,837
Thu Oct 31 2024 18:33:01,838
Thu Oct 31 2024 18:33:02,839
Thu Oct 31 2024 18:33:02,840
Thu Oct 31 2024 18:33:02,841
Thu Oct 31 2024 18:33:03,842
Thu Oct 31 2024 18:33:03,843
Thu Oct 31 2024 18:33:03,844
Thu Oct 31 2024 18:33:03,845
Thu Oct 31 2024 18:33:11,846
Thu Oct 31 2024 18:33:13,847
Thu Oct 31 2024 18:33:14,848
Thu Oct 31 2024 18:33:18,849
Thu Oct 31 2024 18:33:19,850
Thu Oct 31 2024 18:33:20,851
Thu Oct 31 2024 18:33:21,852
Thu Oct 31 2024 18:33:21,853
Thu Oct 31 2024 18:33:22,854
Thu Oct 31 2024 18:33:22,855
Thu Oct 31 2024 18:33:23,856
Thu Oct 31 2024 18:33:26,857
Thu Oct 31 2024 18:33:28,858
Thu Oct 31 2024 18:33:30,859
Thu Oct 31 2024 18:33:33,860
Thu Oct 31 2024 18:33:42,861
Thu Oct 31 2024 18:33:42,862
Thu Oct 31 2024 18:33:49,863
Thu Oct 31 2024 18:33:53,864
Thu Oct 31 2024 18:33:53,865
Thu Oct 31 2024 18:33:54,866
Thu Oct 31 2024 18:33:54,867
Thu Oct 31 2024 18:33:55,868
Thu Oct 31 2024 18:33:55,869
Thu Oct 31 2024 18:33:55,870
Thu Oct 31 2024 18:33:56,871
Thu Oct 31 2024 18:33:56,872
Thu Oct 31 2024 18:33:57,873
Thu Oct 31 2024 18:33:57,874
Thu Oct 31 2024 18:33:57,875
Thu Oct 31 2024 18:33:58,876
Thu Oct 31 2024 18:33:58,877
Thu Oct 31 2024 18:33:59,878
Thu Oct 31 2024 18:34:01,879
Thu Oct 31 2024 18:34:02,880
Thu Oct 31 2024 18:34:43,881
Thu Oct 31 2024 18:34:49,882
Thu Oct 31 2024 18:34:53,883
Thu Oct 31 2024 18:34:55,884
Thu Oct 31 2024 18:34:56,885
Thu Oct 31 2024 18:35:00,886
Thu Oct 31 2024 18:35:03,887
Thu Oct 31 2024 18:35:05,888
Thu Oct 31 2024 18:35:07,889
Thu Oct 31 2024 18:35:11,890
Thu Oct 31 2024 18:35:13,891
Thu Oct 31 2024 18:35:26,892
Thu Oct 31 2024 18:35:35,893
Thu Oct 31 2024 18:35:39,894
Thu Oct 31 2024 18:35:42,895
Thu Oct 31 2024 18:35:47,896
Thu Oct 31 2024 18:35:51,897
Thu Oct 31 2024 18:35:55,898
Thu Oct 31 2024 18:35:57,899
Thu Oct 31 2024 18:35:59,900
Thu Oct 31 2024 18:36:01,901
Thu Oct 31 2024 18:36:03,902
Thu Oct 31 2024 18:36:14,903
Thu Oct 31 2024 18:36:17,904
Thu Oct 31 2024 18:36:23,905
Thu Oct 31 2024 18:36:25,906
Thu Oct 31 2024 18:36:27,907
Thu Oct 31 2024 18:36:31,908
Thu Oct 31 2024 18:36:35,909
Thu Oct 31 2024 18:36:39,910
Thu Oct 31 2024 18:36:43,911
Thu Oct 31 2024 18:36:45,912
Thu Oct 31 2024 18:36:47,913
Thu Oct 31 2024 18:36:49,914
Thu Oct 31 2024 18:36:50,915
Thu Oct 31 2024 18:40:38,916
Thu Oct 31 2024 18:40:51,917
Thu Oct 31 2024 18:40:52,918
Thu Oct 31 2024 18:40:54,919
Thu Oct 31 2024 18:40:56,920
Thu Oct 31 2024 18:40:58,921
Thu Oct 31 2024 18:41:00,922
Thu Oct 31 2024 18:41:02,923
Thu Oct 31 2024 18:41:04,924
Thu Oct 31 2024 18:41:06,925
Thu Oct 31 2024 18:41:08,926
Thu Oct 31 2024 18:41:13,927
Thu Oct 31 2024 18:41:20,928
Thu Oct 31 2024 18:41:25,929
Thu Oct 31 2024 18:41:29,930
Thu Oct 31 2024 18:41:30,931
Thu Oct 31 2024 18:41:32,932
Thu Oct 31 2024 18:41:34,933
Thu Oct 31 2024 18:41:36,934
Thu Oct 31 2024 18:41:38,935
Thu Oct 31 2024 18:41:40,936
Thu Oct 31 2024 18:41:42,937
Thu Oct 31 2024 18:41:44,938
Thu Oct 31 2024 18:41:46,939
Thu Oct 31 2024 18:41:48,940
Thu Oct 31 2024 18:41:53,941
Thu Oct 31 2024 18:41:59,942
Thu Oct 31 2024 18:42:08,943
Thu Oct 31 2024 18:42:08,944
Thu Oct 31 2024 18:42:16,945
Thu Oct 31 2024 18:42:18,946
Thu Oct 31 2024 18:42:20,947
Thu Oct 31 2024 18:42:22,948
Thu Oct 31 2024 18:42:35,949
Thu Oct 31 2024 18:42:36,950
Thu Oct 31 2024 18:42:39,951
Thu Oct 31 2024 18:42:40,952
Thu Oct 31 2024 18:42:42,953
Thu Oct 31 2024 18:42:44,954
Thu Oct 31 2024 18:42:47,955
Thu Oct 31 2024 18:42:51,956
Thu Oct 31 2024 18:42:52,957
Thu Oct 31 2024 18:42:52,958
Thu Oct 31 2024 18:42:53,959
Thu Oct 31 2024 18:42:55,960
Thu Oct 31 2024 18:42:56,961
Thu Oct 31 2024 18:42:57,962
Thu Oct 31 2024 18:43:01,963
Thu Oct 31 2024 18:43:05,964
Thu Oct 31 2024 18:43:07,965
Thu Oct 31 2024 18:43:08,966
Thu Oct 31 2024 18:43:10,967
Thu Oct 31 2024 18:43:12,968
Thu Oct 31 2024 18:43:14,969
Thu Oct 31 2024 18:43:16,970
Thu Oct 31 2024 18:43:16,971
Thu Oct 31 2024 18:43:17,972
Thu Oct 31 2024 18:43:17,973
Thu Oct 31 2024 18:43:17,974
Thu Oct 31 2024 18:43:17,975
Thu Oct 31 2024 18:43:17,976
Thu Oct 31 2024 18:43:18,977
Thu Oct 31 2024 18:43:18,978
Thu Oct 31 2024 18:43:18,979
Thu Oct 31 2024 18:43:18,980
Thu Oct 31 2024 18:43:18,981
Thu Oct 31 2024 18:43:19,982
Thu Oct 31 2024 18:43:20,983
Thu Oct 31 2024 18:43:22,984
Thu Oct 31 2024 18:43:29,985
Thu Oct 31 2024 18:43:38,986
Thu Oct 31 2024 18:43:38,987
Thu Oct 31 2024 18:43:43,988
Thu Oct 31 2024 18:43:55,989
Thu Oct 31 2024 18:43:57,990
Thu Oct 31 2024 18:43:59,991
Thu Oct 31 2024 18:44:01,992
Thu Oct 31 2024 18:44:03,993
Thu Oct 31 2024 18:44:05,994
Thu Oct 31 2024 18:44:07,995
Thu Oct 31 2024 18:44:09,996
Thu Oct 31 2024 18:44:11,997
Thu Oct 31 2024 18:44:13,998
Thu Oct 31 2024 18:44:15,999
Thu Oct 31 2024 18:44:17,1000
Thu Oct 31 2024 18:44:20,1001
Thu Oct 31 2024 18:44:24,1002
Thu Oct 31 2024 18:44:24,1003
Thu Oct 31 2024 18:44:26,1004
Thu Oct 31 2024 18:44:31,1005
Thu Oct 31 2024 18:44:33,1006
Thu Oct 31 2024 18:44:35,1007
Thu Oct 31 2024 18:44:37,1008
Thu Oct 31 2024 18:44:39,1009
Thu Oct 31 2024 18:44:41,1010
Thu Oct 31 2024 18:44:43,1011
Thu Oct 31 2024 18:44:45,1012
Thu Oct 31 2024 18:44:47,1013
Thu Oct 31 2024 18:44:49,1014
Thu Oct 31 2024 18:44:51,1015
Thu Oct 31 2024 18:44:54,1016
Thu Oct 31 2024 18:44:57,1017
Thu Oct 31 2024 18:44:59,1018
Thu Oct 31 2024 18:45:01,1019
Thu Oct 31 2024 18:45:07,1020
Thu Oct 31 2024 18:45:11,1021
Thu Oct 31 2024 18:45:13,1022
Thu Oct 31 2024 18:45:15,1023
Thu Oct 31 2024 18:45:17,1024
Thu Oct 31 2024 18:45:19,1025
Thu Oct 31 2024 18:45:21,1026
Thu Oct 31 2024 18:45:23,1027
Thu Oct 31 2024 18:45:25,1028
Thu Oct 31 2024 18:45:27,1029
Thu Oct 31 2024 18:45:29,1030
Thu Oct 31 2024 18:45:31,1031
Thu Oct 31 2024 18:45:43,1032
Thu Oct 31 2024 18:45:55,1033
Thu Oct 31 2024 18:45:59,1034
Thu Oct 31 2024 18:46:01,1035
Thu Oct 31 2024 18:46:03,1036
Thu Oct 31 2024 18:46:05,1037
Thu Oct 31 2024 18:46:07,1038
Thu Oct 31 2024 18:46:09,1039
Thu Oct 31 2024 18:46:11,1040
Thu Oct 31 2024 18:46:14,1041
Thu Oct 31 2024 18:46:15,1042
Thu Oct 31 2024 18:46:18,1043
Thu Oct 31 2024 18:46:19,1044
Thu Oct 31 2024 18:46:20,1045
Thu Oct 31 2024 18:46:26,1046
Thu Oct 31 2024 18:46:28,1047
Thu Oct 31 2024 18:46:29,1048
Thu Oct 31 2024 18:46:33,1049
Thu Oct 31 2024 18:46:35,1050
Thu Oct 31 2024 18:46:37,1051
Thu Oct 31 2024 18:46:39,1052
Thu Oct 31 2024 18:46:41,1053
Thu Oct 31 2024 18:46:43,1054
Thu Oct 31 2024 18:46:45,1055
Thu Oct 31 2024 18:46:47,1056
Thu Oct 31 2024 18:46:49,1057
Thu Oct 31 2024 18:46:51,1058
Thu Oct 31 2024 18:46:53,1059
Thu Oct 31 2024 18:47:20,1060
Thu Oct 31 2024 18:47:26,1061
Thu Oct 31 2024 18:47:28,1062
Thu Oct 31 2024 18:47:30,1063
Thu Oct 31 2024 18:47:32,1064
Thu Oct 31 2024 18:47:32,1065
Thu Oct 31 2024 18:47:33,1066
Thu Oct 31 2024 18:47:34,1067
Thu Oct 31 2024 18:47:35,1068
Thu Oct 31 2024 18:47:37,1069
Thu Oct 31 2024 18:47:38,1070
Thu Oct 31 2024 18:47:38,1071
Thu Oct 31 2024 18:47:39,1072
Thu Oct 31 2024 18:47:40,1073
Thu Oct 31 2024 18:47:50,1074
Thu Oct 31 2024 18:47:53,1075
Thu Oct 31 2024 18:47:54,1076
Thu Oct 31 2024 18:47:55,1077
Thu Oct 31 2024 18:47:55,1078
Thu Oct 31 2024 18:47:56,1079
Thu Oct 31 2024 18:47:56,1080
Thu Oct 31 2024 18:47:57,1081
Thu Oct 31 2024 18:47:59,1082
Thu Oct 31 2024 18:48:02,1083
Thu Oct 31 2024 18:48:02,1084
Thu Oct 31 2024 18:48:04,1085
Thu Oct 31 2024 18:48:05,1086
Thu Oct 31 2024 18:48:07,1087
Thu Oct 31 2024 18:48:08,1088
Thu Oct 31 2024 18:48:15,1089
Thu Oct 31 2024 18:48:17,1090
Thu Oct 31 2024 18:48:19,1091
Thu Oct 31 2024 18:48:19,1092
Thu Oct 31 2024 18:48:19,1093
Thu Oct 31 2024 18:48:22,1094
Thu Oct 31 2024 18:48:24,1095
Thu Oct 31 2024 18:48:26,1096
Thu Oct 31 2024 18:48:28,1097
Thu Oct 31 2024 18:48:30,1098
Thu Oct 31 2024 18:48:32,1099
Thu Oct 31 2024 18:48:34,1100
Thu Oct 31 2024 18:48:36,1101
Thu Oct 31 2024 18:48:39,1102
Thu Oct 31 2024 18:48:39,1103
Thu Oct 31 2024 18:48:39,1104
Thu Oct 31 2024 18:48:39,1105
Thu Oct 31 2024 18:48:40,1106
Thu Oct 31 2024 18:48:42,1107
Thu Oct 31 2024 18:48:43,1108
Thu Oct 31 2024 18:48:49,1109
Thu Oct 31 2024 18:48:51,1110
Thu Oct 31 2024 18:48:53,1111
Thu Oct 31 2024 18:48:56,1112
Thu Oct 31 2024 18:49:00,1113
Thu Oct 31 2024 18:49:02,1114
Thu Oct 31 2024 18:49:04,1115
Thu Oct 31 2024 18:49:06,1116
Thu Oct 31 2024 18:49:10,1117
Thu Oct 31 2024 18:49:12,1118
Thu Oct 31 2024 18:49:14,1119
Thu Oct 31 2024 18:49:16,1120
Thu Oct 31 2024 18:49:18,1121
Thu Oct 31 2024 18:49:20,1122
Thu Oct 31 2024 18:52:40,1123
Thu Oct 31 2024 18:52:53,1124
Thu Oct 31 2024 18:52:55,1125
Thu Oct 31 2024 18:52:57,1126
Thu Oct 31 2024 18:52:59,1127
Thu Oct 31 2024 18:53:00,1128
Thu Oct 31 2024 18:53:00,1129
Thu Oct 31 2024 18:53:01,1130
Thu Oct 31 2024 18:53:01,1131
Thu Oct 31 2024 18:53:01,1132
Thu Oct 31 2024 18:53:01,1133
Thu Oct 31 2024 18:53:02,1134
Thu Oct 31 2024 18:53:04,1135
Thu Oct 31 2024 18:53:05,1136
Thu Oct 31 2024 18:53:05,1137
Thu Oct 31 2024 18:53:06,1138
Thu Oct 31 2024 18:53:06,1139
Thu Oct 31 2024 18:53:07,1140
Thu Oct 31 2024 18:53:12,1141
Thu Oct 31 2024 18:53:12,1142
Thu Oct 31 2024 18:53:12,1143
Thu Oct 31 2024 18:53:13,1144
Thu Oct 31 2024 18:53:36,1145
Thu Oct 31 2024 18:53:43,1146
Thu Oct 31 2024 18:53:45,1147
Thu Oct 31 2024 18:53:47,1148
Thu Oct 31 2024 18:53:49,1149
Thu Oct 31 2024 18:53:51,1150
Thu Oct 31 2024 18:53:53,1151
Thu Oct 31 2024 18:53:55,1152
Thu Oct 31 2024 18:53:57,1153
Thu Oct 31 2024 18:53:59,1154
Thu Oct 31 2024 18:54:01,1155
Thu Oct 31 2024 18:54:16,1156
Thu Oct 31 2024 18:54:21,1157
Thu Oct 31 2024 18:54:23,1158
Thu Oct 31 2024 18:54:25,1159
Thu Oct 31 2024 18:54:33,1160
Thu Oct 31 2024 18:54:35,1161
Thu Oct 31 2024 18:54:37,1162
Thu Oct 31 2024 18:54:39,1163
Thu Oct 31 2024 18:54:41,1164
Thu Oct 31 2024 18:54:43,1165
Thu Oct 31 2024 18:54:45,1166
Thu Oct 31 2024 18:54:47,1167
Thu Oct 31 2024 18:55:52,1168
Thu Oct 31 2024 18:56:00,1169
Thu Oct 31 2024 18:56:01,1170
Thu Oct 31 2024 18:56:03,1171
Thu Oct 31 2024 18:56:06,1172
Thu Oct 31 2024 18:56:08,1173
Thu Oct 31 2024 18:56:09,1174
Thu Oct 31 2024 18:56:12,1175
Thu Oct 31 2024 18:56:14,1176
Thu Oct 31 2024 18:56:16,1177
Thu Oct 31 2024 18:56:18,1178
Thu Oct 31 2024 18:56:33,1179
Thu Oct 31 2024 18:56:40,1180
Thu Oct 31 2024 18:56:41,1181
Thu Oct 31 2024 18:56:44,1182
Thu Oct 31 2024 18:56:46,1183
Thu Oct 31 2024 18:56:48,1184
Thu Oct 31 2024 18:56:49,1185
Thu Oct 31 2024 18:56:51,1186
Thu Oct 31 2024 18:56:54,1187
Thu Oct 31 2024 18:56:56,1188
Thu Oct 31 2024 18:56:58,1189
Thu Oct 31 2024 18:57:00,1190
Thu Oct 31 2024 18:57:18,1191
Thu Oct 31 2024 18:57:22,1192
Thu Oct 31 2024 18:57:24,1193
Thu Oct 31 2024 18:57:26,1194
Thu Oct 31 2024 18:57:28,1195
Thu Oct 31 2024 18:57:30,1196
Thu Oct 31 2024 18:57:32,1197
Thu Oct 31 2024 18:57:34,1198
Thu Oct 31 2024 18:57:36,1199
Thu Oct 31 2024 18:57:38,1200
Thu Oct 31 2024 18:57:40,1201
Thu Oct 31 2024 18:57:42,1202
Thu Oct 31 2024 18:57:44,1203
Thu Oct 31 2024 18:57:46,1204
Thu Oct 31 2024 18:57:46,1205
Thu Oct 31 2024 18:57:47,1206
Thu Oct 31 2024 18:57:47,1207
Thu Oct 31 2024 18:57:47,1208
Thu Oct 31 2024 18:57:47,1209
Thu Oct 31 2024 18:57:48,1210
Thu Oct 31 2024 18:57:48,1211
Thu Oct 31 2024 18:57:48,1212
Thu Oct 31 2024 18:57:49,1213
Thu Oct 31 2024 18:57:49,1214
Thu Oct 31 2024 18:57:50,1215
Thu Oct 31 2024 18:57:50,1216
Thu Oct 31 2024 18:57:50,1217
Thu Oct 31 2024 18:57:53,1218
Thu Oct 31 2024 18:57:55,1219
Thu Oct 31 2024 18:58:00,1220
Thu Oct 31 2024 18:58:01,1221
Thu Oct 31 2024 18:58:01,1222
Thu Oct 31 2024 18:58:02,1223
Thu Oct 31 2024 18:58:02,1224
Thu Oct 31 2024 18:58:02,1225
Thu Oct 31 2024 18:58:02,1226
Thu Oct 31 2024 18:58:03,1227
Thu Oct 31 2024 18:58:03,1228
Thu Oct 31 2024 18:58:04,1229
Thu Oct 31 2024 18:58:04,1230
Thu Oct 31 2024 18:58:04,1231
Thu Oct 31 2024 18:58:05,1232
Thu Oct 31 2024 18:58:05,1233
Thu Oct 31 2024 18:58:05,1234
Thu Oct 31 2024 18:58:06,1235
Thu Oct 31 2024 18:58:06,1236
Thu Oct 31 2024 18:58:06,1237
Thu Oct 31 2024 18:58:06,1238
Thu Oct 31 2024 18:58:07,1239
Thu Oct 31 2024 18:58:07,1240
Thu Oct 31 2024 18:58:07,1241
Thu Oct 31 2024 18:58:08,1242
Thu Oct 31 2024 18:58:08,1243
Thu Oct 31 2024 18:58:09,1244
Thu Oct 31 2024 18:58:09,1245
Thu Oct 31 2024 18:58:09,1246
Thu Oct 31 2024 18:58:09,1247
Thu Oct 31 2024 18:58:10,1248
Thu Oct 31 2024 18:58:10,1249
Thu Oct 31 2024 18:58:10,1250
Thu Oct 31 2024 18:58:11,1251
Thu Oct 31 2024 18:58:11,1252
Thu Oct 31 2024 18:58:12,1253
Thu Oct 31 2024 18:58:23,1254
Thu Oct 31 2024 18:58:27,1255
Thu Oct 31 2024 18:58:27,1256
Thu Oct 31 2024 18:58:28,1257
Thu Oct 31 2024 18:58:28,1258
Thu Oct 31 2024 18:58:28,1259
Thu Oct 31 2024 18:58:29,1260
Thu Oct 31 2024 18:58:29,1261
Thu Oct 31 2024 18:58:29,1262
Thu Oct 31 2024 18:58:30,1263
Thu Oct 31 2024 18:58:30,1264
Thu Oct 31 2024 18:58:30,1265
Thu Oct 31 2024 18:58:31,1266
Thu Oct 31 2024 18:58:31,1267
Thu Oct 31 2024 18:58:31,1268
Thu Oct 31 2024 18:58:32,1269
Thu Oct 31 2024 18:58:32,1270
Thu Oct 31 2024 18:58:33,1271
Thu Oct 31 2024 18:58:33,1272
Thu Oct 31 2024 18:58:34,1273
Thu Oct 31 2024 18:58:34,1274
Thu Oct 31 2024 18:58:46,1275
Thu Oct 31 2024 18:58:52,1276
Thu Oct 31 2024 18:58:54,1277
Thu Oct 31 2024 18:58:56,1278
Thu Oct 31 2024 18:58:58,1279
Thu Oct 31 2024 18:59:00,1280
Thu Oct 31 2024 18:59:02,1281
Thu Oct 31 2024 18:59:04,1282
Thu Oct 31 2024 18:59:06,1283
Thu Oct 31 2024 18:59:08,1284
Thu Oct 31 2024 18:59:10,1285
Thu Oct 31 2024 19:01:01,1286
Thu Oct 31 2024 19:01:11,1287
Thu Oct 31 2024 19:01:13,1288
Thu Oct 31 2024 19:01:15,1289
Thu Oct 31 2024 19:01:17,1290
Thu Oct 31 2024 19:01:19,1291
Thu Oct 31 2024 19:01:22,1292
Thu Oct 31 2024 19:01:25,1293
Thu Oct 31 2024 19:01:27,1294
Thu Oct 31 2024 19:01:29,1295
Thu Oct 31 2024 19:01:31,1296
Thu Oct 31 2024 19:01:33,1297
Thu Oct 31 2024 19:01:34,1298
Thu Oct 31 2024 19:01:35,1299
Thu Oct 31 2024 19:01:44,1300
Thu Oct 31 2024 19:01:48,1301
Thu Oct 31 2024 19:01:49,1302
Thu Oct 31 2024 19:01:51,1303
Thu Oct 31 2024 19:01:53,1304
Thu Oct 31 2024 19:01:55,1305
Thu Oct 31 2024 19:01:57,1306
Thu Oct 31 2024 19:01:59,1307
Thu Oct 31 2024 19:02:01,1308
Thu Oct 31 2024 19:02:02,1309
Thu Oct 31 2024 19:02:03,1310
Thu Oct 31 2024 19:02:03,1311
Thu Oct 31 2024 19:02:04,1312
Thu Oct 31 2024 19:02:04,1313
Thu Oct 31 2024 19:02:04,1314
Thu Oct 31 2024 19:02:05,1315
Thu Oct 31 2024 19:02:05,1316
Thu Oct 31 2024 19:02:05,1317
Thu Oct 31 2024 19:02:05,1318
Thu Oct 31 2024 19:02:05,1319
Thu Oct 31 2024 19:02:06,1320
Thu Oct 31 2024 19:02:16,1321
Thu Oct 31 2024 19:02:21,1322
Thu Oct 31 2024 19:02:23,1323
Thu Oct 31 2024 19:02:25,1324
Thu Oct 31 2024 19:02:27,1325
Thu Oct 31 2024 19:02:29,1326
Thu Oct 31 2024 19:02:31,1327
Thu Oct 31 2024 19:02:33,1328
Thu Oct 31 2024 19:02:35,1329
Thu Oct 31 2024 19:02:37,1330
Thu Oct 31 2024 19:02:41,1331
Thu Oct 31 2024 19:02:45,1332
Thu Oct 31 2024 19:02:55,1333
Thu Oct 31 2024 19:02:57,1334
Thu Oct 31 2024 19:02:58,1335
Thu Oct 31 2024 19:03:03,1336
Thu Oct 31 2024 19:03:05,1337
Thu Oct 31 2024 19:03:07,1338
Thu Oct 31 2024 19:03:09,1339
Thu Oct 31 2024 19:03:11,1340
Thu Oct 31 2024 19:03:13,1341
Thu Oct 31 2024 19:03:15,1342
Thu Oct 31 2024 19:03:17,1343
Thu Oct 31 2024 19:03:19,1344
Thu Oct 31 2024 19:03:21,1345
Thu Oct 31 2024 19:03:23,1346
Thu Oct 31 2024 19:17:51,1347
Thu Oct 31 2024 19:18:08,1348
Thu Oct 31 2024 19:18:12,1349
Thu Oct 31 2024 19:18:15,1350
Thu Oct 31 2024 19:18:17,1351
Thu Oct 31 2024 19:18:19,1352
Thu Oct 31 2024 19:18:22,1353
Thu Oct 31 2024 19:18:24,1354
Thu Oct 31 2024 19:18:27,1355
Thu Oct 31 2024 19:18:31,1356
Thu Oct 31 2024 19:18:33,1357
Thu Oct 31 2024 19:18:40,1358
Thu Oct 31 2024 19:24:27,1359
Thu Oct 31 2024 19:24:31,1360
Thu Oct 31 2024 19:24:32,1361
Thu Oct 31 2024 19:24:32,1362
Thu Oct 31 2024 19:24:33,1363
Thu Oct 31 2024 19:24:33,1364
Thu Oct 31 2024 19:24:33,1365
Thu Oct 31 2024 19:24:34,1366
Thu Oct 31 2024 19:24:34,1367
Thu Oct 31 2024 19:24:34,1368
Thu Oct 31 2024 19:24:35,1369
Thu Oct 31 2024 19:24:35,1370
Thu Oct 31 2024 19:24:36,1371
Thu Oct 31 2024 19:24:36,1372
Thu Oct 31 2024 19:24:37,1373
Thu Oct 31 2024 19:24:37,1374
Thu Oct 31 2024 19:24:38,1375
Thu Oct 31 2024 19:24:38,1376
Thu Oct 31 2024 19:24:38,1377
Thu Oct 31 2024 19:24:38,1378
Thu Oct 31 2024 19:24:39,1379
Thu Oct 31 2024 19:24:39,1380
Thu Oct 31 2024 19:24:39,1381
Thu Oct 31 2024 19:24:40,1382
Thu Oct 31 2024 19:24:40,1383
Thu Oct 31 2024 19:24:40,1384
Thu Oct 31 2024 19:24:41,1385
Thu Oct 31 2024 19:24:41,1386
Thu Oct 31 2024 19:24:41,1387
Thu Oct 31 2024 19:24:41,1388
Thu Oct 31 2024 19:24:42,1389
Thu Oct 31 2024 19:24:42,1390
Thu Oct 31 2024 19:25:27,1391
Thu Oct 31 2024 19:25:32,1392
Thu Oct 31 2024 19:25:32,1393
Thu Oct 31 2024 19:25:33,1394
Thu Oct 31 2024 19:25:33,1395
Thu Oct 31 2024 19:25:34,1396
Thu Oct 31 2024 19:25:34,1397
Thu Oct 31 2024 19:25:34,1398
Thu Oct 31 2024 19:25:34,1399
Thu Oct 31 2024 19:25:35,1400
Thu Oct 31 2024 19:25:35,1401
Thu Oct 31 2024 19:25:36,1402
Thu Oct 31 2024 19:25:36,1403
Thu Oct 31 2024 19:25:36,1404
Thu Oct 31 2024 19:25:37,1405
Thu Oct 31 2024 19:25:37,1406
Thu Oct 31 2024 19:25:37,1407
Thu Oct 31 2024 19:25:38,1408
Thu Oct 31 2024 19:25:38,1409
Thu Oct 31 2024 19:25:38,1410
Thu Oct 31 2024 19:39:36,1411
Thu Oct 31 2024 19:39:40,1412
Thu Oct 31 2024 19:39:42,1413
Thu Oct 31 2024 19:39:44,1414
Thu Oct 31 2024 19:39:45,1415
Thu Oct 31 2024 19:39:45,1416
Thu Oct 31 2024 19:39:45,1417
Thu Oct 31 2024 19:39:46,1418
Thu Oct 31 2024 19:39:47,1419
Thu Oct 31 2024 19:39:48,1420
Thu Oct 31 2024 19:39:50,1421
Thu Oct 31 2024 19:39:52,1422
Thu Oct 31 2024 19:39:54,1423
Thu Oct 31 2024 19:39:57,1424
Thu Oct 31 2024 19:40:02,1425
Thu Oct 31 2024 19:40:05,1426
Thu Oct 31 2024 19:40:08,1427
Thu Oct 31 2024 19:40:10,1428
Thu Oct 31 2024 19:40:12,1429
Thu Oct 31 2024 19:40:14,1430
Thu Oct 31 2024 19:40:16,1431
Thu Oct 31 2024 19:40:19,1432
Thu Oct 31 2024 19:40:20,1433
Thu Oct 31 2024 19:40:24,1434
Thu Oct 31 2024 19:40:26,1435
Thu Oct 31 2024 19:40:28,1436
Thu Oct 31 2024 19:40:30,1437
Thu Oct 31 2024 19:40:40,1438
Thu Oct 31 2024 19:40:41,1439
Thu Oct 31 2024 19:40:41,1440
Thu Oct 31 2024 19:40:42,1441
Thu Oct 31 2024 19:40:44,1442
Thu Oct 31 2024 19:40:50,1443
Thu Oct 31 2024 19:40:52,1444
Thu Oct 31 2024 19:40:54,1445
Thu Oct 31 2024 19:40:56,1446
Thu Oct 31 2024 19:40:58,1447
Thu Oct 31 2024 19:41:00,1448
Thu Oct 31 2024 19:41:02,1449
Thu Oct 31 2024 19:41:04,1450
Thu Oct 31 2024 19:41:06,1451
Thu Oct 31 2024 19:41:08,1452
Thu Oct 31 2024 19:41:10,1453
Thu Oct 31 2024 19:41:17,1454
Thu Oct 31 2024 19:41:27,1455
Thu Oct 31 2024 19:41:32,1456
Thu Oct 31 2024 19:41:34,1457
Thu Oct 31 2024 19:41:37,1458
Thu Oct 31 2024 19:41:39,1459
Thu Oct 31 2024 19:41:41,1460
Thu Oct 31 2024 19:41:44,1461
Thu Oct 31 2024 19:41:48,1462
Thu Oct 31 2024 19:41:51,1463
Thu Oct 31 2024 19:41:54,1464
Thu Oct 31 2024 19:42:00,1465
Thu Oct 31 2024 19:42:04,1466
Thu Oct 31 2024 19:42:15,1467
Thu Oct 31 2024 19:42:23,1468
Thu Oct 31 2024 19:42:25,1469
Thu Oct 31 2024 19:42:26,1470
Thu Oct 31 2024 19:42:29,1471
Thu Oct 31 2024 19:42:31,1472
Thu Oct 31 2024 19:42:33,1473
Thu Oct 31 2024 19:42:35,1474
Thu Oct 31 2024 19:42:37,1475
Thu Oct 31 2024 19:42:39,1476
Thu Oct 31 2024 19:42:41,1477
Thu Oct 31 2024 19:42:48,1478
Thu Oct 31 2024 19:42:49,1479
Thu Oct 31 2024 19:42:50,1480
Thu Oct 31 2024 19:42:50,1481
Thu Oct 31 2024 19:42:51,1482
Thu Oct 31 2024 19:42:52,1483
Thu Oct 31 2024 19:42:53,1484
Thu Oct 31 2024 19:42:53,1485
Thu Oct 31 2024 19:42:59,1486
Thu Oct 31 2024 19:43:01,1487
Thu Oct 31 2024 19:43:03,1488
Thu Oct 31 2024 19:43:05,1489
Thu Oct 31 2024 19:43:07,1490
Thu Oct 31 2024 19:43:09,1491
Thu Oct 31 2024 19:43:09,1492
Thu Oct 31 2024 19:43:09,1493
Thu Oct 31 2024 19:43:09,1494
Thu Oct 31 2024 19:43:09,1495
Thu Oct 31 2024 19:43:09,1496
Thu Oct 31 2024 19:43:10,1497
Thu Oct 31 2024 19:43:10,1498
Thu Oct 31 2024 19:43:10,1499
Thu Oct 31 2024 19:43:10,1500
Thu Oct 31 2024 19:45:10,1501
Thu Oct 31 2024 19:45:17,1502
Thu Oct 31 2024 19:45:19,1503
Thu Oct 31 2024 19:45:21,1504
Thu Oct 31 2024 19:45:23,1505
Thu Oct 31 2024 19:45:25,1506
Thu Oct 31 2024 19:45:27,1507
Thu Oct 31 2024 19:45:29,1508
Thu Oct 31 2024 19:45:31,1509
Thu Oct 31 2024 19:45:33,1510
Thu Oct 31 2024 19:45:35,1511